-- phpMyAdmin SQL Dump
-- version 5.2.1
-- https://www.phpmyadmin.net/
--
-- Host: 127.0.0.1
-- Generation Time: May 11, 2026 at 10:07 AM
-- Server version: 10.4.32-MariaDB
-- PHP Version: 8.2.12

SET SQL_MODE = "NO_AUTO_VALUE_ON_ZERO";
START TRANSACTION;
SET time_zone = "+00:00";


/*!40101 SET @OLD_CHARACTER_SET_CLIENT=@@CHARACTER_SET_CLIENT */;
/*!40101 SET @OLD_CHARACTER_SET_RESULTS=@@CHARACTER_SET_RESULTS */;
/*!40101 SET @OLD_COLLATION_CONNECTION=@@COLLATION_CONNECTION */;
/*!40101 SET NAMES utf8mb4 */;

--
-- Database: `gikazee_db`
--

-- --------------------------------------------------------

--
-- Table structure for table `investments`
--

CREATE TABLE `investments` (
  `id` int(11) NOT NULL,
  `user_id` int(11) DEFAULT NULL,
  `plan_id` int(11) DEFAULT NULL,
  `amount` decimal(10,2) DEFAULT NULL,
  `start_date` timestamp NOT NULL DEFAULT current_timestamp(),
  `end_date` datetime DEFAULT NULL,
  `status` enum('active','completed') DEFAULT 'active',
  `last_roi_date` date DEFAULT NULL
) ENGINE=InnoDB DEFAULT CHARSET=utf8mb4 COLLATE=utf8mb4_general_ci;

--
-- Dumping data for table `investments`
--

INSERT INTO `investments` (`id`, `user_id`, `plan_id`, `amount`, `start_date`, `end_date`, `status`, `last_roi_date`) VALUES
(1, 1, 1, 50.00, '2026-05-09 13:31:00', '2026-06-08 15:31:00', 'completed', NULL),
(2, 6, 26, 200.00, '2026-05-09 13:31:00', '2026-06-08 15:31:00', 'completed', NULL),
(3, 1, 30, 448.00, '2026-05-09 13:31:00', '2026-06-08 15:31:00', 'completed', NULL),
(4, 6, 24, 100.00, '2026-05-09 13:41:34', NULL, 'completed', NULL),
(5, 1, 23, 55.00, '2026-05-09 16:17:53', NULL, 'completed', NULL),
(6, 6, 23, 53.00, '2026-05-09 16:54:01', NULL, 'completed', '2026-05-09'),
(7, 1, 38, 1000.00, '2026-05-09 17:04:14', NULL, 'completed', '2026-05-09'),
(8, 7, 31, 450.00, '2026-05-09 19:14:50', NULL, 'completed', NULL),
(9, 14, 24, 100.00, '2026-05-10 19:09:51', NULL, 'completed', NULL);

-- --------------------------------------------------------

--
-- Table structure for table `notifications`
--

CREATE TABLE `notifications` (
  `id` int(11) NOT NULL,
  `user_id` int(11) DEFAULT NULL,
  `message` varchar(255) DEFAULT NULL,
  `status` enum('unread','read') DEFAULT 'unread',
  `created_at` timestamp NOT NULL DEFAULT current_timestamp()
) ENGINE=InnoDB DEFAULT CHARSET=utf8mb4 COLLATE=utf8mb4_general_ci;

--
-- Dumping data for table `notifications`
--

INSERT INTO `notifications` (`id`, `user_id`, `message`, `status`, `created_at`) VALUES
(1, 1, 'Your deposit has been approved', 'unread', '2026-05-05 21:46:10'),
(2, 1, 'Your deposit has been approved', 'unread', '2026-05-06 19:57:05'),
(3, 1, 'Your deposit has been approved', 'unread', '2026-05-06 20:25:26'),
(4, 1, 'Your withdrawal has been approved', 'unread', '2026-05-07 03:41:10'),
(5, 1, 'Your withdrawal has been approved', 'unread', '2026-05-07 03:41:21'),
(6, 1, 'Your deposit has been approved', 'unread', '2026-05-07 04:13:47'),
(7, 1, 'Your deposit has been approved', 'unread', '2026-05-07 04:13:58'),
(8, 1, 'Your withdrawal has been approved', 'unread', '2026-05-07 04:15:41'),
(9, 1, 'Deposit approved', 'unread', '2026-05-07 05:24:33'),
(10, 1, 'Deposit approved', 'unread', '2026-05-08 18:06:13'),
(11, 6, 'Deposit approved', 'unread', '2026-05-08 18:13:25'),
(12, 1, 'Deposit approved', 'unread', '2026-05-08 18:59:57'),
(13, 6, 'Your deposit has been approved', 'unread', '2026-05-09 07:04:33'),
(14, 6, 'Your deposit has been approved', 'unread', '2026-05-09 08:01:55'),
(15, 6, 'Investment started successfully', 'unread', '2026-05-09 12:31:32'),
(16, 1, 'Investment started successfully', 'unread', '2026-05-09 12:37:54'),
(17, 1, 'Your withdrawal has been approved', 'unread', '2026-05-09 12:39:18'),
(18, 6, 'Your deposit has been approved', 'unread', '2026-05-09 13:40:23'),
(19, 6, 'Investment started successfully', 'unread', '2026-05-09 13:41:34'),
(20, 1, 'Investment started successfully', 'unread', '2026-05-09 16:17:53'),
(21, 6, 'Investment started successfully', 'unread', '2026-05-09 16:54:01'),
(22, 6, 'Daily ROI added: $1.32', 'unread', '2026-05-09 16:54:02'),
(23, 6, 'Daily ROI added: $1.32', 'unread', '2026-05-09 16:54:32'),
(24, 6, 'Daily ROI added: $1.32', 'unread', '2026-05-09 16:55:02'),
(25, 6, 'Daily ROI added: $1.32', 'unread', '2026-05-09 16:55:32'),
(26, 6, 'Daily ROI added: $1.32', 'unread', '2026-05-09 16:56:02'),
(27, 6, 'Daily ROI added: $1.32', 'unread', '2026-05-09 16:56:32'),
(28, 6, 'Daily ROI added: $1.32', 'unread', '2026-05-09 16:57:02'),
(29, 6, 'Daily ROI added: $1.32', 'unread', '2026-05-09 16:57:32'),
(30, 6, 'Daily ROI added: $1.32', 'unread', '2026-05-09 16:58:02'),
(31, 6, 'Daily ROI added: $1.32', 'unread', '2026-05-09 16:58:32'),
(32, 6, 'Daily ROI added: $1.32', 'unread', '2026-05-09 16:59:02'),
(33, 6, 'Daily ROI added: $1.32', 'unread', '2026-05-09 16:59:32'),
(34, 6, 'Daily ROI added: $1.32', 'unread', '2026-05-09 17:00:02'),
(35, 6, 'Daily ROI added: $1.32', 'unread', '2026-05-09 17:00:32'),
(36, 6, 'Daily ROI added: $1.32', 'unread', '2026-05-09 17:01:02'),
(37, 6, 'Daily ROI added: $1.32', 'unread', '2026-05-09 17:01:32'),
(38, 6, 'Daily ROI added: $1.32', 'unread', '2026-05-09 17:02:02'),
(39, 1, 'Your deposit has been approved', 'unread', '2026-05-09 17:02:30'),
(40, 6, 'Daily ROI added: $1.32', 'unread', '2026-05-09 17:02:32'),
(41, 6, 'Daily ROI added: $1.32', 'unread', '2026-05-09 17:03:02'),
(42, 6, 'Daily ROI added: $1.32', 'unread', '2026-05-09 17:03:32'),
(43, 6, 'Daily ROI added: $1.32', 'unread', '2026-05-09 17:04:02'),
(44, 1, 'Investment started successfully', 'unread', '2026-05-09 17:04:14'),
(45, 6, 'Daily ROI added: $1.32', 'unread', '2026-05-09 17:04:32'),
(46, 1, 'Daily ROI added: $100.00', 'unread', '2026-05-09 17:04:32'),
(47, 6, 'Daily ROI added: $1.32', 'unread', '2026-05-09 17:05:02'),
(48, 1, 'Daily ROI added: $100.00', 'unread', '2026-05-09 17:05:02'),
(49, 6, 'Daily ROI added: $1.32', 'unread', '2026-05-09 17:05:32'),
(50, 1, 'Daily ROI added: $100.00', 'unread', '2026-05-09 17:05:32'),
(51, 6, 'Daily ROI added: $1.32', 'unread', '2026-05-09 17:06:02'),
(52, 1, 'Daily ROI added: $100.00', 'unread', '2026-05-09 17:06:02'),
(53, 6, 'Daily ROI added: $1.32', 'unread', '2026-05-09 17:06:32'),
(54, 1, 'Daily ROI added: $100.00', 'unread', '2026-05-09 17:06:32'),
(55, 6, 'Daily ROI added: $1.32', 'unread', '2026-05-09 17:07:02'),
(56, 1, 'Daily ROI added: $100.00', 'unread', '2026-05-09 17:07:02'),
(57, 6, 'Daily ROI added: $1.32', 'unread', '2026-05-09 17:07:32'),
(58, 1, 'Daily ROI added: $100.00', 'unread', '2026-05-09 17:07:32'),
(59, 6, 'Daily ROI added: $1.32', 'unread', '2026-05-09 17:08:02'),
(60, 1, 'Daily ROI added: $100.00', 'unread', '2026-05-09 17:08:02'),
(61, 6, 'Daily ROI added: $1.32', 'unread', '2026-05-09 17:08:32'),
(62, 1, 'Daily ROI added: $100.00', 'unread', '2026-05-09 17:08:32'),
(63, 6, 'Daily ROI added: $1.32', 'unread', '2026-05-09 17:09:02'),
(64, 1, 'Daily ROI added: $100.00', 'unread', '2026-05-09 17:09:02'),
(65, 6, 'Daily ROI added: $1.32', 'unread', '2026-05-09 17:09:32'),
(66, 1, 'Daily ROI added: $100.00', 'unread', '2026-05-09 17:09:32'),
(67, 6, 'Daily ROI added: $1.32', 'unread', '2026-05-09 17:10:02'),
(68, 1, 'Daily ROI added: $100.00', 'unread', '2026-05-09 17:10:02'),
(69, 6, 'Daily ROI added: $1.32', 'unread', '2026-05-09 17:10:32'),
(70, 1, 'Daily ROI added: $100.00', 'unread', '2026-05-09 17:10:32'),
(71, 6, 'Daily ROI added: $1.32', 'unread', '2026-05-09 17:11:02'),
(72, 1, 'Daily ROI added: $100.00', 'unread', '2026-05-09 17:11:02'),
(73, 6, 'Daily ROI added: $1.32', 'unread', '2026-05-09 17:11:32'),
(74, 1, 'Daily ROI added: $100.00', 'unread', '2026-05-09 17:11:32'),
(75, 6, 'Daily ROI added: $1.32', 'unread', '2026-05-09 17:12:02'),
(76, 1, 'Daily ROI added: $100.00', 'unread', '2026-05-09 17:12:02'),
(77, 6, 'Daily ROI added: $1.32', 'unread', '2026-05-09 17:12:32'),
(78, 1, 'Daily ROI added: $100.00', 'unread', '2026-05-09 17:12:32'),
(79, 6, 'Daily ROI added: $1.32', 'unread', '2026-05-09 17:13:02'),
(80, 1, 'Daily ROI added: $100.00', 'unread', '2026-05-09 17:13:02'),
(81, 6, 'Daily ROI added: $1.32', 'unread', '2026-05-09 17:13:32'),
(82, 1, 'Daily ROI added: $100.00', 'unread', '2026-05-09 17:13:32'),
(83, 6, 'Daily ROI added: $1.32', 'unread', '2026-05-09 17:14:02'),
(84, 1, 'Daily ROI added: $100.00', 'unread', '2026-05-09 17:14:02'),
(85, 6, 'Daily ROI added: $1.32', 'unread', '2026-05-09 17:14:32'),
(86, 1, 'Daily ROI added: $100.00', 'unread', '2026-05-09 17:14:32'),
(87, 6, 'Daily ROI added: $1.32', 'unread', '2026-05-09 17:15:02'),
(88, 1, 'Daily ROI added: $100.00', 'unread', '2026-05-09 17:15:02'),
(89, 6, 'Daily ROI added: $1.32', 'unread', '2026-05-09 18:30:33'),
(90, 1, 'Daily ROI added: $100.00', 'unread', '2026-05-09 18:30:33'),
(91, 6, 'Daily ROI added: $1.32', 'unread', '2026-05-09 18:31:03'),
(92, 1, 'Daily ROI added: $100.00', 'unread', '2026-05-09 18:31:03'),
(93, 6, 'Daily ROI added: $1.32', 'unread', '2026-05-09 18:31:33'),
(94, 1, 'Daily ROI added: $100.00', 'unread', '2026-05-09 18:31:33'),
(95, 6, 'Daily ROI added: $1.32', 'unread', '2026-05-09 18:32:03'),
(96, 1, 'Daily ROI added: $100.00', 'unread', '2026-05-09 18:32:03'),
(97, 6, 'Daily ROI added: $1.32', 'unread', '2026-05-09 18:32:33'),
(98, 1, 'Daily ROI added: $100.00', 'unread', '2026-05-09 18:32:33'),
(99, 7, 'Your deposit has been approved', 'unread', '2026-05-09 19:12:52'),
(100, 7, 'Investment started successfully', 'unread', '2026-05-09 19:14:50'),
(101, 14, 'Your deposit has been approved', 'unread', '2026-05-10 19:08:19'),
(102, 14, 'Investment started successfully', 'unread', '2026-05-10 19:09:51'),
(103, 6, 'ROI added $1.32', 'unread', '2026-05-10 20:10:36'),
(104, 1, 'ROI added $100.00', 'unread', '2026-05-10 20:10:36'),
(105, 7, 'ROI added $29.25', 'unread', '2026-05-10 20:10:36'),
(106, 14, 'ROI added $3.00', 'unread', '2026-05-10 20:10:36'),
(107, 6, 'ROI added $1.32', 'unread', '2026-05-10 20:11:06'),
(108, 1, 'ROI added $100.00', 'unread', '2026-05-10 20:11:06'),
(109, 7, 'ROI added $29.25', 'unread', '2026-05-10 20:11:06'),
(110, 14, 'ROI added $3.00', 'unread', '2026-05-10 20:11:06'),
(111, 6, 'ROI added $1.32', 'unread', '2026-05-10 20:11:36'),
(112, 1, 'ROI added $100.00', 'unread', '2026-05-10 20:11:36'),
(113, 7, 'ROI added $29.25', 'unread', '2026-05-10 20:11:36'),
(114, 14, 'ROI added $3.00', 'unread', '2026-05-10 20:11:36'),
(115, 6, 'ROI added $1.32', 'unread', '2026-05-10 20:12:06'),
(116, 1, 'ROI added $100.00', 'unread', '2026-05-10 20:12:06'),
(117, 7, 'ROI added $29.25', 'unread', '2026-05-10 20:12:06'),
(118, 14, 'ROI added $3.00', 'unread', '2026-05-10 20:12:06'),
(119, 6, 'ROI added $1.32', 'unread', '2026-05-10 20:12:36'),
(120, 1, 'ROI added $100.00', 'unread', '2026-05-10 20:12:36'),
(121, 7, 'ROI added $29.25', 'unread', '2026-05-10 20:12:36'),
(122, 14, 'ROI added $3.00', 'unread', '2026-05-10 20:12:36'),
(123, 6, 'ROI added $1.32', 'unread', '2026-05-10 20:13:06'),
(124, 1, 'ROI added $100.00', 'unread', '2026-05-10 20:13:06'),
(125, 7, 'ROI added $29.25', 'unread', '2026-05-10 20:13:06'),
(126, 14, 'ROI added $3.00', 'unread', '2026-05-10 20:13:06'),
(127, 6, 'ROI added $1.32', 'unread', '2026-05-10 20:13:36'),
(128, 1, 'ROI added $100.00', 'unread', '2026-05-10 20:13:36'),
(129, 7, 'ROI added $29.25', 'unread', '2026-05-10 20:13:36'),
(130, 14, 'ROI added $3.00', 'unread', '2026-05-10 20:13:36'),
(131, 6, 'ROI added $1.32', 'unread', '2026-05-10 20:14:06'),
(132, 1, 'ROI added $100.00', 'unread', '2026-05-10 20:14:06'),
(133, 7, 'ROI added $29.25', 'unread', '2026-05-10 20:14:06'),
(134, 14, 'ROI added $3.00', 'unread', '2026-05-10 20:14:06'),
(135, 6, 'ROI added $1.32', 'unread', '2026-05-10 20:14:36'),
(136, 1, 'ROI added $100.00', 'unread', '2026-05-10 20:14:36'),
(137, 7, 'ROI added $29.25', 'unread', '2026-05-10 20:14:36'),
(138, 14, 'ROI added $3.00', 'unread', '2026-05-10 20:14:36'),
(139, 6, 'ROI added $1.32', 'unread', '2026-05-10 20:15:06'),
(140, 1, 'ROI added $100.00', 'unread', '2026-05-10 20:15:06'),
(141, 7, 'ROI added $29.25', 'unread', '2026-05-10 20:15:06'),
(142, 14, 'ROI added $3.00', 'unread', '2026-05-10 20:15:06'),
(143, 6, 'ROI added $1.32', 'unread', '2026-05-10 20:15:37'),
(144, 1, 'ROI added $100.00', 'unread', '2026-05-10 20:15:37'),
(145, 7, 'ROI added $29.25', 'unread', '2026-05-10 20:15:37'),
(146, 14, 'ROI added $3.00', 'unread', '2026-05-10 20:15:37'),
(147, 6, 'ROI added $1.32', 'unread', '2026-05-10 20:16:06'),
(148, 1, 'ROI added $100.00', 'unread', '2026-05-10 20:16:06'),
(149, 7, 'ROI added $29.25', 'unread', '2026-05-10 20:16:06'),
(150, 14, 'ROI added $3.00', 'unread', '2026-05-10 20:16:06'),
(151, 6, 'ROI added $1.32', 'unread', '2026-05-10 20:16:36'),
(152, 1, 'ROI added $100.00', 'unread', '2026-05-10 20:16:36'),
(153, 7, 'ROI added $29.25', 'unread', '2026-05-10 20:16:36'),
(154, 14, 'ROI added $3.00', 'unread', '2026-05-10 20:16:36'),
(155, 6, 'ROI added $1.32', 'unread', '2026-05-10 20:17:06'),
(156, 1, 'ROI added $100.00', 'unread', '2026-05-10 20:17:06'),
(157, 7, 'ROI added $29.25', 'unread', '2026-05-10 20:17:06'),
(158, 14, 'ROI added $3.00', 'unread', '2026-05-10 20:17:06'),
(159, 6, 'ROI added $1.32', 'unread', '2026-05-10 20:17:36'),
(160, 1, 'ROI added $100.00', 'unread', '2026-05-10 20:17:36'),
(161, 7, 'ROI added $29.25', 'unread', '2026-05-10 20:17:36'),
(162, 14, 'ROI added $3.00', 'unread', '2026-05-10 20:17:36'),
(163, 6, 'ROI added $1.32', 'unread', '2026-05-10 20:18:06'),
(164, 1, 'ROI added $100.00', 'unread', '2026-05-10 20:18:06'),
(165, 7, 'ROI added $29.25', 'unread', '2026-05-10 20:18:06'),
(166, 14, 'ROI added $3.00', 'unread', '2026-05-10 20:18:06'),
(167, 6, 'ROI added $1.32', 'unread', '2026-05-10 20:18:36'),
(168, 1, 'ROI added $100.00', 'unread', '2026-05-10 20:18:36'),
(169, 7, 'ROI added $29.25', 'unread', '2026-05-10 20:18:36'),
(170, 14, 'ROI added $3.00', 'unread', '2026-05-10 20:18:36'),
(171, 6, 'ROI added $1.32', 'unread', '2026-05-10 20:19:06'),
(172, 1, 'ROI added $100.00', 'unread', '2026-05-10 20:19:07'),
(173, 7, 'ROI added $29.25', 'unread', '2026-05-10 20:19:07'),
(174, 14, 'ROI added $3.00', 'unread', '2026-05-10 20:19:07'),
(175, 6, 'ROI added $1.32', 'unread', '2026-05-10 20:19:37'),
(176, 1, 'ROI added $100.00', 'unread', '2026-05-10 20:19:37'),
(177, 7, 'ROI added $29.25', 'unread', '2026-05-10 20:19:37'),
(178, 14, 'ROI added $3.00', 'unread', '2026-05-10 20:19:37'),
(179, 6, 'ROI added $1.32', 'unread', '2026-05-10 20:20:07'),
(180, 1, 'ROI added $100.00', 'unread', '2026-05-10 20:20:07'),
(181, 7, 'ROI added $29.25', 'unread', '2026-05-10 20:20:07'),
(182, 14, 'ROI added $3.00', 'unread', '2026-05-10 20:20:07'),
(183, 6, 'ROI added $1.32', 'unread', '2026-05-10 20:20:37'),
(184, 1, 'ROI added $100.00', 'unread', '2026-05-10 20:20:37'),
(185, 7, 'ROI added $29.25', 'unread', '2026-05-10 20:20:37'),
(186, 14, 'ROI added $3.00', 'unread', '2026-05-10 20:20:37'),
(187, 6, 'ROI added $1.32', 'unread', '2026-05-10 20:21:07'),
(188, 1, 'ROI added $100.00', 'unread', '2026-05-10 20:21:07'),
(189, 7, 'ROI added $29.25', 'unread', '2026-05-10 20:21:07'),
(190, 14, 'ROI added $3.00', 'unread', '2026-05-10 20:21:07'),
(191, 6, 'ROI added $1.32', 'unread', '2026-05-10 20:21:37'),
(192, 1, 'ROI added $100.00', 'unread', '2026-05-10 20:21:37'),
(193, 7, 'ROI added $29.25', 'unread', '2026-05-10 20:21:37'),
(194, 14, 'ROI added $3.00', 'unread', '2026-05-10 20:21:37'),
(195, 6, 'ROI added $1.32', 'unread', '2026-05-10 20:22:07'),
(196, 1, 'ROI added $100.00', 'unread', '2026-05-10 20:22:07'),
(197, 7, 'ROI added $29.25', 'unread', '2026-05-10 20:22:07'),
(198, 14, 'ROI added $3.00', 'unread', '2026-05-10 20:22:07'),
(199, 6, 'ROI added $1.32', 'unread', '2026-05-10 20:22:37'),
(200, 1, 'ROI added $100.00', 'unread', '2026-05-10 20:22:37'),
(201, 7, 'ROI added $29.25', 'unread', '2026-05-10 20:22:37'),
(202, 14, 'ROI added $3.00', 'unread', '2026-05-10 20:22:37'),
(203, 6, 'ROI added $1.32', 'unread', '2026-05-10 20:23:07'),
(204, 1, 'ROI added $100.00', 'unread', '2026-05-10 20:23:07'),
(205, 7, 'ROI added $29.25', 'unread', '2026-05-10 20:23:07'),
(206, 14, 'ROI added $3.00', 'unread', '2026-05-10 20:23:07'),
(207, 6, 'ROI added $1.32', 'unread', '2026-05-10 20:23:37'),
(208, 1, 'ROI added $100.00', 'unread', '2026-05-10 20:23:37'),
(209, 7, 'ROI added $29.25', 'unread', '2026-05-10 20:23:37'),
(210, 14, 'ROI added $3.00', 'unread', '2026-05-10 20:23:37'),
(211, 6, 'ROI added $1.32', 'unread', '2026-05-10 20:24:07'),
(212, 1, 'ROI added $100.00', 'unread', '2026-05-10 20:24:07'),
(213, 7, 'ROI added $29.25', 'unread', '2026-05-10 20:24:07'),
(214, 14, 'ROI added $3.00', 'unread', '2026-05-10 20:24:07'),
(215, 6, 'ROI added $1.32', 'unread', '2026-05-10 20:24:37'),
(216, 1, 'ROI added $100.00', 'unread', '2026-05-10 20:24:37'),
(217, 7, 'ROI added $29.25', 'unread', '2026-05-10 20:24:37'),
(218, 14, 'ROI added $3.00', 'unread', '2026-05-10 20:24:37'),
(219, 6, 'ROI added $1.32', 'unread', '2026-05-10 20:25:07'),
(220, 1, 'ROI added $100.00', 'unread', '2026-05-10 20:25:07'),
(221, 7, 'ROI added $29.25', 'unread', '2026-05-10 20:25:07'),
(222, 14, 'ROI added $3.00', 'unread', '2026-05-10 20:25:07'),
(223, 6, 'ROI added $1.32', 'unread', '2026-05-10 20:25:37'),
(224, 1, 'ROI added $100.00', 'unread', '2026-05-10 20:25:37'),
(225, 7, 'ROI added $29.25', 'unread', '2026-05-10 20:25:37'),
(226, 14, 'ROI added $3.00', 'unread', '2026-05-10 20:25:37'),
(227, 6, 'ROI added $1.32', 'unread', '2026-05-10 20:26:07'),
(228, 1, 'ROI added $100.00', 'unread', '2026-05-10 20:26:07'),
(229, 7, 'ROI added $29.25', 'unread', '2026-05-10 20:26:07'),
(230, 14, 'ROI added $3.00', 'unread', '2026-05-10 20:26:07'),
(231, 6, 'ROI added $1.32', 'unread', '2026-05-10 20:26:37'),
(232, 1, 'ROI added $100.00', 'unread', '2026-05-10 20:26:37'),
(233, 7, 'ROI added $29.25', 'unread', '2026-05-10 20:26:37'),
(234, 14, 'ROI added $3.00', 'unread', '2026-05-10 20:26:37'),
(235, 6, 'ROI added $1.32', 'unread', '2026-05-10 20:27:07'),
(236, 1, 'ROI added $100.00', 'unread', '2026-05-10 20:27:07'),
(237, 7, 'ROI added $29.25', 'unread', '2026-05-10 20:27:07'),
(238, 14, 'ROI added $3.00', 'unread', '2026-05-10 20:27:07'),
(239, 6, 'ROI added $1.32', 'unread', '2026-05-10 20:27:37'),
(240, 1, 'ROI added $100.00', 'unread', '2026-05-10 20:27:37'),
(241, 7, 'ROI added $29.25', 'unread', '2026-05-10 20:27:37'),
(242, 14, 'ROI added $3.00', 'unread', '2026-05-10 20:27:37'),
(243, 6, 'ROI added $1.32', 'unread', '2026-05-10 20:28:07'),
(244, 1, 'ROI added $100.00', 'unread', '2026-05-10 20:28:07'),
(245, 7, 'ROI added $29.25', 'unread', '2026-05-10 20:28:07'),
(246, 14, 'ROI added $3.00', 'unread', '2026-05-10 20:28:07'),
(247, 6, 'ROI added $1.32', 'unread', '2026-05-10 20:28:37'),
(248, 1, 'ROI added $100.00', 'unread', '2026-05-10 20:28:37'),
(249, 7, 'ROI added $29.25', 'unread', '2026-05-10 20:28:37'),
(250, 14, 'ROI added $3.00', 'unread', '2026-05-10 20:28:37'),
(251, 6, 'ROI added $1.32', 'unread', '2026-05-10 20:29:07'),
(252, 1, 'ROI added $100.00', 'unread', '2026-05-10 20:29:07'),
(253, 7, 'ROI added $29.25', 'unread', '2026-05-10 20:29:07'),
(254, 14, 'ROI added $3.00', 'unread', '2026-05-10 20:29:07'),
(255, 6, 'ROI added $1.32', 'unread', '2026-05-10 20:29:37'),
(256, 1, 'ROI added $100.00', 'unread', '2026-05-10 20:29:37'),
(257, 7, 'ROI added $29.25', 'unread', '2026-05-10 20:29:37'),
(258, 14, 'ROI added $3.00', 'unread', '2026-05-10 20:29:37'),
(259, 6, 'ROI added $1.32', 'unread', '2026-05-10 20:30:07'),
(260, 1, 'ROI added $100.00', 'unread', '2026-05-10 20:30:07'),
(261, 7, 'ROI added $29.25', 'unread', '2026-05-10 20:30:07'),
(262, 14, 'ROI added $3.00', 'unread', '2026-05-10 20:30:07'),
(263, 6, 'ROI added $1.32', 'unread', '2026-05-10 20:30:37'),
(264, 1, 'ROI added $100.00', 'unread', '2026-05-10 20:30:37'),
(265, 7, 'ROI added $29.25', 'unread', '2026-05-10 20:30:37'),
(266, 14, 'ROI added $3.00', 'unread', '2026-05-10 20:30:37'),
(267, 6, 'ROI added $1.32', 'unread', '2026-05-10 20:31:07'),
(268, 1, 'ROI added $100.00', 'unread', '2026-05-10 20:31:07'),
(269, 7, 'ROI added $29.25', 'unread', '2026-05-10 20:31:07'),
(270, 14, 'ROI added $3.00', 'unread', '2026-05-10 20:31:07'),
(271, 6, 'ROI added $1.32', 'unread', '2026-05-10 20:31:37'),
(272, 1, 'ROI added $100.00', 'unread', '2026-05-10 20:31:37'),
(273, 7, 'ROI added $29.25', 'unread', '2026-05-10 20:31:37'),
(274, 14, 'ROI added $3.00', 'unread', '2026-05-10 20:31:37'),
(275, 6, 'ROI added $1.32', 'unread', '2026-05-10 20:32:07'),
(276, 1, 'ROI added $100.00', 'unread', '2026-05-10 20:32:07'),
(277, 7, 'ROI added $29.25', 'unread', '2026-05-10 20:32:07'),
(278, 14, 'ROI added $3.00', 'unread', '2026-05-10 20:32:07'),
(279, 6, 'ROI added $1.32', 'unread', '2026-05-10 20:32:37'),
(280, 1, 'ROI added $100.00', 'unread', '2026-05-10 20:32:37'),
(281, 7, 'ROI added $29.25', 'unread', '2026-05-10 20:32:37'),
(282, 14, 'ROI added $3.00', 'unread', '2026-05-10 20:32:37'),
(283, 6, 'ROI added $1.32', 'unread', '2026-05-10 20:33:07'),
(284, 1, 'ROI added $100.00', 'unread', '2026-05-10 20:33:07'),
(285, 7, 'ROI added $29.25', 'unread', '2026-05-10 20:33:07'),
(286, 14, 'ROI added $3.00', 'unread', '2026-05-10 20:33:07'),
(287, 6, 'ROI added $1.32', 'unread', '2026-05-10 20:33:37'),
(288, 1, 'ROI added $100.00', 'unread', '2026-05-10 20:33:37'),
(289, 7, 'ROI added $29.25', 'unread', '2026-05-10 20:33:37'),
(290, 14, 'ROI added $3.00', 'unread', '2026-05-10 20:33:37'),
(291, 6, 'ROI added $1.32', 'unread', '2026-05-10 20:34:07'),
(292, 1, 'ROI added $100.00', 'unread', '2026-05-10 20:34:07'),
(293, 7, 'ROI added $29.25', 'unread', '2026-05-10 20:34:07'),
(294, 14, 'ROI added $3.00', 'unread', '2026-05-10 20:34:07'),
(295, 6, 'ROI added $1.32', 'unread', '2026-05-10 20:34:37'),
(296, 1, 'ROI added $100.00', 'unread', '2026-05-10 20:34:37'),
(297, 7, 'ROI added $29.25', 'unread', '2026-05-10 20:34:37'),
(298, 14, 'ROI added $3.00', 'unread', '2026-05-10 20:34:37'),
(299, 6, 'ROI added $1.32', 'unread', '2026-05-10 20:35:07'),
(300, 1, 'ROI added $100.00', 'unread', '2026-05-10 20:35:07'),
(301, 7, 'ROI added $29.25', 'unread', '2026-05-10 20:35:07'),
(302, 14, 'ROI added $3.00', 'unread', '2026-05-10 20:35:07'),
(303, 6, 'ROI added $1.32', 'unread', '2026-05-10 20:35:37'),
(304, 1, 'ROI added $100.00', 'unread', '2026-05-10 20:35:37'),
(305, 7, 'ROI added $29.25', 'unread', '2026-05-10 20:35:37'),
(306, 14, 'ROI added $3.00', 'unread', '2026-05-10 20:35:37'),
(307, 6, 'ROI added $1.32', 'unread', '2026-05-10 20:36:07'),
(308, 1, 'ROI added $100.00', 'unread', '2026-05-10 20:36:07'),
(309, 7, 'ROI added $29.25', 'unread', '2026-05-10 20:36:07'),
(310, 14, 'ROI added $3.00', 'unread', '2026-05-10 20:36:07'),
(311, 6, 'ROI added $1.32', 'unread', '2026-05-10 20:36:37'),
(312, 1, 'ROI added $100.00', 'unread', '2026-05-10 20:36:37'),
(313, 7, 'ROI added $29.25', 'unread', '2026-05-10 20:36:37'),
(314, 14, 'ROI added $3.00', 'unread', '2026-05-10 20:36:37'),
(315, 6, 'ROI added $1.32', 'unread', '2026-05-10 20:37:07'),
(316, 1, 'ROI added $100.00', 'unread', '2026-05-10 20:37:07'),
(317, 7, 'ROI added $29.25', 'unread', '2026-05-10 20:37:07'),
(318, 14, 'ROI added $3.00', 'unread', '2026-05-10 20:37:07'),
(319, 6, 'ROI added $1.32', 'unread', '2026-05-10 20:37:37'),
(320, 1, 'ROI added $100.00', 'unread', '2026-05-10 20:37:37'),
(321, 7, 'ROI added $29.25', 'unread', '2026-05-10 20:37:37'),
(322, 14, 'ROI added $3.00', 'unread', '2026-05-10 20:37:37'),
(323, 6, 'ROI added $1.32', 'unread', '2026-05-10 20:38:07'),
(324, 1, 'ROI added $100.00', 'unread', '2026-05-10 20:38:07'),
(325, 7, 'ROI added $29.25', 'unread', '2026-05-10 20:38:07'),
(326, 14, 'ROI added $3.00', 'unread', '2026-05-10 20:38:07'),
(327, 6, 'ROI added $1.32', 'unread', '2026-05-10 20:38:37'),
(328, 1, 'ROI added $100.00', 'unread', '2026-05-10 20:38:37'),
(329, 7, 'ROI added $29.25', 'unread', '2026-05-10 20:38:37'),
(330, 14, 'ROI added $3.00', 'unread', '2026-05-10 20:38:37'),
(331, 6, 'ROI added $1.32', 'unread', '2026-05-10 20:39:07'),
(332, 1, 'ROI added $100.00', 'unread', '2026-05-10 20:39:07'),
(333, 7, 'ROI added $29.25', 'unread', '2026-05-10 20:39:07'),
(334, 14, 'ROI added $3.00', 'unread', '2026-05-10 20:39:07'),
(335, 6, 'ROI added $1.32', 'unread', '2026-05-10 20:39:37'),
(336, 1, 'ROI added $100.00', 'unread', '2026-05-10 20:39:37'),
(337, 7, 'ROI added $29.25', 'unread', '2026-05-10 20:39:37'),
(338, 14, 'ROI added $3.00', 'unread', '2026-05-10 20:39:37'),
(339, 6, 'ROI added $1.32', 'unread', '2026-05-10 20:40:07'),
(340, 1, 'ROI added $100.00', 'unread', '2026-05-10 20:40:07'),
(341, 7, 'ROI added $29.25', 'unread', '2026-05-10 20:40:07'),
(342, 14, 'ROI added $3.00', 'unread', '2026-05-10 20:40:07'),
(343, 6, 'ROI added $1.32', 'unread', '2026-05-10 20:40:37'),
(344, 1, 'ROI added $100.00', 'unread', '2026-05-10 20:40:37'),
(345, 7, 'ROI added $29.25', 'unread', '2026-05-10 20:40:37'),
(346, 14, 'ROI added $3.00', 'unread', '2026-05-10 20:40:37'),
(347, 6, 'ROI added $1.32', 'unread', '2026-05-10 20:41:07'),
(348, 1, 'ROI added $100.00', 'unread', '2026-05-10 20:41:07'),
(349, 7, 'ROI added $29.25', 'unread', '2026-05-10 20:41:07'),
(350, 14, 'ROI added $3.00', 'unread', '2026-05-10 20:41:07'),
(351, 6, 'ROI added $1.32', 'unread', '2026-05-10 20:41:37'),
(352, 1, 'ROI added $100.00', 'unread', '2026-05-10 20:41:37'),
(353, 7, 'ROI added $29.25', 'unread', '2026-05-10 20:41:37'),
(354, 14, 'ROI added $3.00', 'unread', '2026-05-10 20:41:37'),
(355, 6, 'ROI added $1.32', 'unread', '2026-05-10 20:42:07'),
(356, 1, 'ROI added $100.00', 'unread', '2026-05-10 20:42:07'),
(357, 7, 'ROI added $29.25', 'unread', '2026-05-10 20:42:07'),
(358, 14, 'ROI added $3.00', 'unread', '2026-05-10 20:42:07'),
(359, 6, 'ROI added $1.32', 'unread', '2026-05-10 20:42:37'),
(360, 1, 'ROI added $100.00', 'unread', '2026-05-10 20:42:37'),
(361, 7, 'ROI added $29.25', 'unread', '2026-05-10 20:42:37'),
(362, 14, 'ROI added $3.00', 'unread', '2026-05-10 20:42:37'),
(363, 6, 'ROI added $1.32', 'unread', '2026-05-10 20:43:07'),
(364, 1, 'ROI added $100.00', 'unread', '2026-05-10 20:43:07'),
(365, 7, 'ROI added $29.25', 'unread', '2026-05-10 20:43:07'),
(366, 14, 'ROI added $3.00', 'unread', '2026-05-10 20:43:07'),
(367, 6, 'ROI added $1.32', 'unread', '2026-05-10 20:43:37'),
(368, 1, 'ROI added $100.00', 'unread', '2026-05-10 20:43:37'),
(369, 7, 'ROI added $29.25', 'unread', '2026-05-10 20:43:37'),
(370, 14, 'ROI added $3.00', 'unread', '2026-05-10 20:43:37'),
(371, 6, 'ROI added $1.32', 'unread', '2026-05-10 20:44:07'),
(372, 1, 'ROI added $100.00', 'unread', '2026-05-10 20:44:07'),
(373, 7, 'ROI added $29.25', 'unread', '2026-05-10 20:44:07'),
(374, 14, 'ROI added $3.00', 'unread', '2026-05-10 20:44:07'),
(375, 6, 'ROI added $1.32', 'unread', '2026-05-10 20:44:37'),
(376, 1, 'ROI added $100.00', 'unread', '2026-05-10 20:44:37'),
(377, 7, 'ROI added $29.25', 'unread', '2026-05-10 20:44:37'),
(378, 14, 'ROI added $3.00', 'unread', '2026-05-10 20:44:37'),
(379, 6, 'ROI added $1.32', 'unread', '2026-05-10 20:45:07'),
(380, 1, 'ROI added $100.00', 'unread', '2026-05-10 20:45:07'),
(381, 7, 'ROI added $29.25', 'unread', '2026-05-10 20:45:07'),
(382, 14, 'ROI added $3.00', 'unread', '2026-05-10 20:45:07'),
(383, 6, 'ROI added $1.32', 'unread', '2026-05-10 20:45:37'),
(384, 1, 'ROI added $100.00', 'unread', '2026-05-10 20:45:37'),
(385, 7, 'ROI added $29.25', 'unread', '2026-05-10 20:45:37'),
(386, 14, 'ROI added $3.00', 'unread', '2026-05-10 20:45:37'),
(387, 6, 'ROI added $1.32', 'unread', '2026-05-10 20:46:07'),
(388, 1, 'ROI added $100.00', 'unread', '2026-05-10 20:46:07'),
(389, 7, 'ROI added $29.25', 'unread', '2026-05-10 20:46:07'),
(390, 14, 'ROI added $3.00', 'unread', '2026-05-10 20:46:07'),
(391, 6, 'ROI added $1.32', 'unread', '2026-05-10 20:46:37'),
(392, 1, 'ROI added $100.00', 'unread', '2026-05-10 20:46:37'),
(393, 7, 'ROI added $29.25', 'unread', '2026-05-10 20:46:37'),
(394, 14, 'ROI added $3.00', 'unread', '2026-05-10 20:46:37'),
(395, 6, 'ROI added $1.32', 'unread', '2026-05-10 20:47:07'),
(396, 1, 'ROI added $100.00', 'unread', '2026-05-10 20:47:07'),
(397, 7, 'ROI added $29.25', 'unread', '2026-05-10 20:47:07'),
(398, 14, 'ROI added $3.00', 'unread', '2026-05-10 20:47:07'),
(399, 6, 'ROI added $1.32', 'unread', '2026-05-10 20:47:37'),
(400, 1, 'ROI added $100.00', 'unread', '2026-05-10 20:47:37'),
(401, 7, 'ROI added $29.25', 'unread', '2026-05-10 20:47:37'),
(402, 14, 'ROI added $3.00', 'unread', '2026-05-10 20:47:37'),
(403, 6, 'ROI added $1.32', 'unread', '2026-05-10 20:48:07'),
(404, 1, 'ROI added $100.00', 'unread', '2026-05-10 20:48:07'),
(405, 7, 'ROI added $29.25', 'unread', '2026-05-10 20:48:07'),
(406, 14, 'ROI added $3.00', 'unread', '2026-05-10 20:48:07'),
(407, 6, 'ROI added $1.32', 'unread', '2026-05-10 20:48:37'),
(408, 1, 'ROI added $100.00', 'unread', '2026-05-10 20:48:37'),
(409, 7, 'ROI added $29.25', 'unread', '2026-05-10 20:48:37'),
(410, 14, 'ROI added $3.00', 'unread', '2026-05-10 20:48:37'),
(411, 6, 'ROI added $1.32', 'unread', '2026-05-10 20:49:07'),
(412, 1, 'ROI added $100.00', 'unread', '2026-05-10 20:49:07'),
(413, 7, 'ROI added $29.25', 'unread', '2026-05-10 20:49:07'),
(414, 14, 'ROI added $3.00', 'unread', '2026-05-10 20:49:07'),
(415, 6, 'ROI added $1.32', 'unread', '2026-05-10 20:49:37'),
(416, 1, 'ROI added $100.00', 'unread', '2026-05-10 20:49:37'),
(417, 7, 'ROI added $29.25', 'unread', '2026-05-10 20:49:37'),
(418, 14, 'ROI added $3.00', 'unread', '2026-05-10 20:49:37'),
(419, 6, 'ROI added $1.32', 'unread', '2026-05-10 20:50:07'),
(420, 1, 'ROI added $100.00', 'unread', '2026-05-10 20:50:07'),
(421, 7, 'ROI added $29.25', 'unread', '2026-05-10 20:50:07'),
(422, 14, 'ROI added $3.00', 'unread', '2026-05-10 20:50:07'),
(423, 6, 'ROI added $1.32', 'unread', '2026-05-10 20:50:37'),
(424, 1, 'ROI added $100.00', 'unread', '2026-05-10 20:50:37'),
(425, 7, 'ROI added $29.25', 'unread', '2026-05-10 20:50:37'),
(426, 14, 'ROI added $3.00', 'unread', '2026-05-10 20:50:37'),
(427, 6, 'ROI added $1.32', 'unread', '2026-05-10 20:51:07'),
(428, 1, 'ROI added $100.00', 'unread', '2026-05-10 20:51:07'),
(429, 7, 'ROI added $29.25', 'unread', '2026-05-10 20:51:07'),
(430, 14, 'ROI added $3.00', 'unread', '2026-05-10 20:51:07'),
(431, 6, 'ROI added $1.32', 'unread', '2026-05-10 20:51:37'),
(432, 1, 'ROI added $100.00', 'unread', '2026-05-10 20:51:37'),
(433, 7, 'ROI added $29.25', 'unread', '2026-05-10 20:51:37'),
(434, 14, 'ROI added $3.00', 'unread', '2026-05-10 20:51:37'),
(435, 6, 'ROI added $1.32', 'unread', '2026-05-10 20:52:07'),
(436, 1, 'ROI added $100.00', 'unread', '2026-05-10 20:52:07'),
(437, 7, 'ROI added $29.25', 'unread', '2026-05-10 20:52:07'),
(438, 14, 'ROI added $3.00', 'unread', '2026-05-10 20:52:07'),
(439, 6, 'ROI added $1.32', 'unread', '2026-05-10 20:52:37'),
(440, 1, 'ROI added $100.00', 'unread', '2026-05-10 20:52:37'),
(441, 7, 'ROI added $29.25', 'unread', '2026-05-10 20:52:37'),
(442, 14, 'ROI added $3.00', 'unread', '2026-05-10 20:52:37'),
(443, 6, 'ROI added $1.32', 'unread', '2026-05-10 20:53:07'),
(444, 1, 'ROI added $100.00', 'unread', '2026-05-10 20:53:07'),
(445, 7, 'ROI added $29.25', 'unread', '2026-05-10 20:53:07'),
(446, 14, 'ROI added $3.00', 'unread', '2026-05-10 20:53:07'),
(447, 6, 'ROI added $1.32', 'unread', '2026-05-10 20:53:37'),
(448, 1, 'ROI added $100.00', 'unread', '2026-05-10 20:53:37'),
(449, 7, 'ROI added $29.25', 'unread', '2026-05-10 20:53:37'),
(450, 14, 'ROI added $3.00', 'unread', '2026-05-10 20:53:37'),
(451, 6, 'ROI added $1.32', 'unread', '2026-05-10 20:54:07'),
(452, 1, 'ROI added $100.00', 'unread', '2026-05-10 20:54:07'),
(453, 7, 'ROI added $29.25', 'unread', '2026-05-10 20:54:07'),
(454, 14, 'ROI added $3.00', 'unread', '2026-05-10 20:54:07'),
(455, 6, 'ROI added $1.32', 'unread', '2026-05-10 20:54:37'),
(456, 1, 'ROI added $100.00', 'unread', '2026-05-10 20:54:37'),
(457, 7, 'ROI added $29.25', 'unread', '2026-05-10 20:54:37'),
(458, 14, 'ROI added $3.00', 'unread', '2026-05-10 20:54:37'),
(459, 6, 'ROI added $1.32', 'unread', '2026-05-10 20:55:07'),
(460, 1, 'ROI added $100.00', 'unread', '2026-05-10 20:55:07'),
(461, 7, 'ROI added $29.25', 'unread', '2026-05-10 20:55:07'),
(462, 14, 'ROI added $3.00', 'unread', '2026-05-10 20:55:07'),
(463, 6, 'ROI added $1.32', 'unread', '2026-05-10 20:55:37'),
(464, 1, 'ROI added $100.00', 'unread', '2026-05-10 20:55:37'),
(465, 7, 'ROI added $29.25', 'unread', '2026-05-10 20:55:37'),
(466, 14, 'ROI added $3.00', 'unread', '2026-05-10 20:55:37'),
(467, 6, 'ROI added $1.32', 'unread', '2026-05-10 20:56:07'),
(468, 1, 'ROI added $100.00', 'unread', '2026-05-10 20:56:07'),
(469, 7, 'ROI added $29.25', 'unread', '2026-05-10 20:56:07'),
(470, 14, 'ROI added $3.00', 'unread', '2026-05-10 20:56:07'),
(471, 6, 'ROI added $1.32', 'unread', '2026-05-10 20:56:37'),
(472, 1, 'ROI added $100.00', 'unread', '2026-05-10 20:56:37'),
(473, 7, 'ROI added $29.25', 'unread', '2026-05-10 20:56:37'),
(474, 14, 'ROI added $3.00', 'unread', '2026-05-10 20:56:37'),
(475, 6, 'ROI added $1.32', 'unread', '2026-05-10 20:57:07'),
(476, 1, 'ROI added $100.00', 'unread', '2026-05-10 20:57:07'),
(477, 7, 'ROI added $29.25', 'unread', '2026-05-10 20:57:07'),
(478, 14, 'ROI added $3.00', 'unread', '2026-05-10 20:57:07'),
(479, 6, 'ROI added $1.32', 'unread', '2026-05-10 21:02:19'),
(480, 1, 'ROI added $100.00', 'unread', '2026-05-10 21:02:19'),
(481, 7, 'ROI added $29.25', 'unread', '2026-05-10 21:02:19'),
(482, 14, 'ROI added $3.00', 'unread', '2026-05-10 21:02:19'),
(483, 6, 'ROI added $1.32', 'unread', '2026-05-10 21:02:50'),
(484, 1, 'ROI added $100.00', 'unread', '2026-05-10 21:02:50'),
(485, 7, 'ROI added $29.25', 'unread', '2026-05-10 21:02:50'),
(486, 14, 'ROI added $3.00', 'unread', '2026-05-10 21:02:50'),
(487, 6, 'ROI added $1.32', 'unread', '2026-05-10 21:03:20'),
(488, 1, 'ROI added $100.00', 'unread', '2026-05-10 21:03:20'),
(489, 7, 'ROI added $29.25', 'unread', '2026-05-10 21:03:20'),
(490, 14, 'ROI added $3.00', 'unread', '2026-05-10 21:03:20'),
(491, 6, 'ROI added $1.32', 'unread', '2026-05-10 21:03:49'),
(492, 1, 'ROI added $100.00', 'unread', '2026-05-10 21:03:51'),
(493, 7, 'ROI added $29.25', 'unread', '2026-05-10 21:03:51'),
(494, 14, 'ROI added $3.00', 'unread', '2026-05-10 21:03:52'),
(495, 6, 'ROI added $1.32', 'unread', '2026-05-10 21:04:21'),
(496, 1, 'ROI added $100.00', 'unread', '2026-05-10 21:04:21'),
(497, 7, 'ROI added $29.25', 'unread', '2026-05-10 21:04:23'),
(498, 14, 'ROI added $3.00', 'unread', '2026-05-10 21:04:24'),
(499, 6, 'ROI added $1.32', 'unread', '2026-05-10 21:04:50'),
(500, 1, 'ROI added $100.00', 'unread', '2026-05-10 21:04:51'),
(501, 7, 'ROI added $29.25', 'unread', '2026-05-10 21:04:51'),
(502, 14, 'ROI added $3.00', 'unread', '2026-05-10 21:04:51'),
(503, 6, 'ROI added $1.32', 'unread', '2026-05-10 21:05:20'),
(504, 1, 'ROI added $100.00', 'unread', '2026-05-10 21:05:20'),
(505, 7, 'ROI added $29.25', 'unread', '2026-05-10 21:05:22'),
(506, 14, 'ROI added $3.00', 'unread', '2026-05-10 21:05:24'),
(507, 6, 'ROI added $1.32', 'unread', '2026-05-10 21:05:49'),
(508, 1, 'ROI added $100.00', 'unread', '2026-05-10 21:05:49'),
(509, 7, 'ROI added $29.25', 'unread', '2026-05-10 21:05:49'),
(510, 14, 'ROI added $3.00', 'unread', '2026-05-10 21:05:49'),
(511, 6, 'ROI added $1.32', 'unread', '2026-05-10 21:06:19'),
(512, 1, 'ROI added $100.00', 'unread', '2026-05-10 21:06:19'),
(513, 7, 'ROI added $29.25', 'unread', '2026-05-10 21:06:20'),
(514, 14, 'ROI added $3.00', 'unread', '2026-05-10 21:06:20'),
(515, 6, 'ROI added $1.32', 'unread', '2026-05-10 21:06:50'),
(516, 1, 'ROI added $100.00', 'unread', '2026-05-10 21:06:50'),
(517, 7, 'ROI added $29.25', 'unread', '2026-05-10 21:06:50'),
(518, 14, 'ROI added $3.00', 'unread', '2026-05-10 21:06:50'),
(519, 6, 'ROI added $1.32', 'unread', '2026-05-10 21:07:19'),
(520, 1, 'ROI added $100.00', 'unread', '2026-05-10 21:07:19'),
(521, 7, 'ROI added $29.25', 'unread', '2026-05-10 21:07:19'),
(522, 14, 'ROI added $3.00', 'unread', '2026-05-10 21:07:19'),
(523, 6, 'ROI added $1.32', 'unread', '2026-05-10 21:07:49'),
(524, 1, 'ROI added $100.00', 'unread', '2026-05-10 21:07:49'),
(525, 7, 'ROI added $29.25', 'unread', '2026-05-10 21:07:49'),
(526, 14, 'ROI added $3.00', 'unread', '2026-05-10 21:07:49'),
(527, 6, 'ROI added $1.32', 'unread', '2026-05-10 21:08:19'),
(528, 1, 'ROI added $100.00', 'unread', '2026-05-10 21:08:19'),
(529, 7, 'ROI added $29.25', 'unread', '2026-05-10 21:08:19'),
(530, 14, 'ROI added $3.00', 'unread', '2026-05-10 21:08:19'),
(531, 6, 'ROI added $1.32', 'unread', '2026-05-10 21:08:49'),
(532, 1, 'ROI added $100.00', 'unread', '2026-05-10 21:08:49'),
(533, 7, 'ROI added $29.25', 'unread', '2026-05-10 21:08:49'),
(534, 14, 'ROI added $3.00', 'unread', '2026-05-10 21:08:49'),
(535, 6, 'ROI added $1.32', 'unread', '2026-05-10 21:09:19'),
(536, 1, 'ROI added $100.00', 'unread', '2026-05-10 21:09:19'),
(537, 7, 'ROI added $29.25', 'unread', '2026-05-10 21:09:19'),
(538, 14, 'ROI added $3.00', 'unread', '2026-05-10 21:09:19'),
(539, 6, 'ROI added $1.32', 'unread', '2026-05-10 21:09:53'),
(540, 1, 'ROI added $100.00', 'unread', '2026-05-10 21:09:56'),
(541, 7, 'ROI added $29.25', 'unread', '2026-05-10 21:09:56'),
(542, 14, 'ROI added $3.00', 'unread', '2026-05-10 21:09:56'),
(543, 6, 'ROI added $1.32', 'unread', '2026-05-10 21:10:19'),
(544, 1, 'ROI added $100.00', 'unread', '2026-05-10 21:10:19'),
(545, 7, 'ROI added $29.25', 'unread', '2026-05-10 21:10:19'),
(546, 14, 'ROI added $3.00', 'unread', '2026-05-10 21:10:19'),
(547, 6, 'ROI added $1.32', 'unread', '2026-05-10 21:10:49'),
(548, 1, 'ROI added $100.00', 'unread', '2026-05-10 21:10:49'),
(549, 7, 'ROI added $29.25', 'unread', '2026-05-10 21:10:49'),
(550, 14, 'ROI added $3.00', 'unread', '2026-05-10 21:10:49'),
(551, 6, 'ROI added $1.32', 'unread', '2026-05-10 21:11:19'),
(552, 1, 'ROI added $100.00', 'unread', '2026-05-10 21:11:19'),
(553, 7, 'ROI added $29.25', 'unread', '2026-05-10 21:11:20'),
(554, 14, 'ROI added $3.00', 'unread', '2026-05-10 21:11:20'),
(555, 6, 'ROI added $1.32', 'unread', '2026-05-10 21:11:49'),
(556, 1, 'ROI added $100.00', 'unread', '2026-05-10 21:11:49'),
(557, 7, 'ROI added $29.25', 'unread', '2026-05-10 21:11:49'),
(558, 14, 'ROI added $3.00', 'unread', '2026-05-10 21:11:49'),
(559, 6, 'ROI added $1.32', 'unread', '2026-05-10 21:12:19'),
(560, 1, 'ROI added $100.00', 'unread', '2026-05-10 21:12:19'),
(561, 7, 'ROI added $29.25', 'unread', '2026-05-10 21:12:19'),
(562, 14, 'ROI added $3.00', 'unread', '2026-05-10 21:12:19'),
(563, 6, 'ROI added $1.32', 'unread', '2026-05-10 21:12:50'),
(564, 1, 'ROI added $100.00', 'unread', '2026-05-10 21:12:50'),
(565, 7, 'ROI added $29.25', 'unread', '2026-05-10 21:12:50'),
(566, 14, 'ROI added $3.00', 'unread', '2026-05-10 21:12:50'),
(567, 6, 'ROI added $1.32', 'unread', '2026-05-10 21:13:19'),
(568, 1, 'ROI added $100.00', 'unread', '2026-05-10 21:13:19'),
(569, 7, 'ROI added $29.25', 'unread', '2026-05-10 21:13:19'),
(570, 14, 'ROI added $3.00', 'unread', '2026-05-10 21:13:20'),
(571, 6, 'ROI added $1.32', 'unread', '2026-05-10 21:13:50'),
(572, 1, 'ROI added $100.00', 'unread', '2026-05-10 21:13:50'),
(573, 7, 'ROI added $29.25', 'unread', '2026-05-10 21:13:50'),
(574, 14, 'ROI added $3.00', 'unread', '2026-05-10 21:13:50'),
(575, 6, 'ROI added $1.32', 'unread', '2026-05-10 21:14:20'),
(576, 1, 'ROI added $100.00', 'unread', '2026-05-10 21:14:20'),
(577, 7, 'ROI added $29.25', 'unread', '2026-05-10 21:14:20'),
(578, 14, 'ROI added $3.00', 'unread', '2026-05-10 21:14:20'),
(579, 6, 'ROI added $1.32', 'unread', '2026-05-10 21:14:50'),
(580, 1, 'ROI added $100.00', 'unread', '2026-05-10 21:14:50'),
(581, 7, 'ROI added $29.25', 'unread', '2026-05-10 21:14:50'),
(582, 14, 'ROI added $3.00', 'unread', '2026-05-10 21:14:50'),
(583, 6, 'ROI added $1.32', 'unread', '2026-05-10 21:15:20'),
(584, 1, 'ROI added $100.00', 'unread', '2026-05-10 21:15:20'),
(585, 7, 'ROI added $29.25', 'unread', '2026-05-10 21:15:20'),
(586, 14, 'ROI added $3.00', 'unread', '2026-05-10 21:15:20'),
(587, 6, 'ROI added $1.32', 'unread', '2026-05-10 21:15:51'),
(588, 1, 'ROI added $100.00', 'unread', '2026-05-10 21:15:51'),
(589, 7, 'ROI added $29.25', 'unread', '2026-05-10 21:15:51'),
(590, 14, 'ROI added $3.00', 'unread', '2026-05-10 21:15:52'),
(591, 6, 'ROI added $1.32', 'unread', '2026-05-10 21:16:22'),
(592, 1, 'ROI added $100.00', 'unread', '2026-05-10 21:16:22'),
(593, 7, 'ROI added $29.25', 'unread', '2026-05-10 21:16:23'),
(594, 14, 'ROI added $3.00', 'unread', '2026-05-10 21:16:23'),
(595, 6, 'ROI added $1.32', 'unread', '2026-05-10 21:16:50'),
(596, 1, 'ROI added $100.00', 'unread', '2026-05-10 21:16:50'),
(597, 7, 'ROI added $29.25', 'unread', '2026-05-10 21:16:50'),
(598, 14, 'ROI added $3.00', 'unread', '2026-05-10 21:16:50'),
(599, 6, 'ROI added $1.32', 'unread', '2026-05-10 21:17:20'),
(600, 1, 'ROI added $100.00', 'unread', '2026-05-10 21:17:20'),
(601, 7, 'ROI added $29.25', 'unread', '2026-05-10 21:17:20'),
(602, 14, 'ROI added $3.00', 'unread', '2026-05-10 21:17:20'),
(603, 6, 'ROI added $1.32', 'unread', '2026-05-10 21:17:55'),
(604, 1, 'ROI added $100.00', 'unread', '2026-05-10 21:17:59'),
(605, 7, 'ROI added $29.25', 'unread', '2026-05-10 21:18:00'),
(606, 14, 'ROI added $3.00', 'unread', '2026-05-10 21:18:01'),
(607, 6, 'ROI added $1.32', 'unread', '2026-05-10 21:18:20'),
(608, 1, 'ROI added $100.00', 'unread', '2026-05-10 21:18:20'),
(609, 7, 'ROI added $29.25', 'unread', '2026-05-10 21:18:20'),
(610, 14, 'ROI added $3.00', 'unread', '2026-05-10 21:18:20'),
(611, 6, 'ROI added $1.32', 'unread', '2026-05-10 21:18:50'),
(612, 1, 'ROI added $100.00', 'unread', '2026-05-10 21:18:50'),
(613, 7, 'ROI added $29.25', 'unread', '2026-05-10 21:18:50'),
(614, 14, 'ROI added $3.00', 'unread', '2026-05-10 21:18:50'),
(615, 6, 'ROI added $1.32', 'unread', '2026-05-10 21:19:20'),
(616, 1, 'ROI added $100.00', 'unread', '2026-05-10 21:19:20'),
(617, 7, 'ROI added $29.25', 'unread', '2026-05-10 21:19:20'),
(618, 14, 'ROI added $3.00', 'unread', '2026-05-10 21:19:20'),
(619, 6, 'ROI added $1.32', 'unread', '2026-05-10 21:19:50'),
(620, 1, 'ROI added $100.00', 'unread', '2026-05-10 21:19:50'),
(621, 7, 'ROI added $29.25', 'unread', '2026-05-10 21:19:50'),
(622, 14, 'ROI added $3.00', 'unread', '2026-05-10 21:19:50'),
(623, 6, 'ROI added $1.32', 'unread', '2026-05-10 21:20:20'),
(624, 1, 'ROI added $100.00', 'unread', '2026-05-10 21:20:20'),
(625, 7, 'ROI added $29.25', 'unread', '2026-05-10 21:20:20'),
(626, 14, 'ROI added $3.00', 'unread', '2026-05-10 21:20:20'),
(627, 6, 'ROI added $1.32', 'unread', '2026-05-10 21:20:50'),
(628, 1, 'ROI added $100.00', 'unread', '2026-05-10 21:20:50'),
(629, 7, 'ROI added $29.25', 'unread', '2026-05-10 21:20:50'),
(630, 14, 'ROI added $3.00', 'unread', '2026-05-10 21:20:50'),
(631, 6, 'ROI added $1.32', 'unread', '2026-05-10 21:21:20'),
(632, 1, 'ROI added $100.00', 'unread', '2026-05-10 21:21:20'),
(633, 7, 'ROI added $29.25', 'unread', '2026-05-10 21:21:20'),
(634, 14, 'ROI added $3.00', 'unread', '2026-05-10 21:21:20'),
(635, 6, 'ROI added $1.32', 'unread', '2026-05-10 21:21:50'),
(636, 1, 'ROI added $100.00', 'unread', '2026-05-10 21:21:51'),
(637, 7, 'ROI added $29.25', 'unread', '2026-05-10 21:21:51'),
(638, 14, 'ROI added $3.00', 'unread', '2026-05-10 21:21:51'),
(639, 6, 'ROI added $1.32', 'unread', '2026-05-10 21:22:22'),
(640, 1, 'ROI added $100.00', 'unread', '2026-05-10 21:22:22'),
(641, 7, 'ROI added $29.25', 'unread', '2026-05-10 21:22:22'),
(642, 14, 'ROI added $3.00', 'unread', '2026-05-10 21:22:22'),
(643, 6, 'ROI added $1.32', 'unread', '2026-05-10 21:22:50'),
(644, 1, 'ROI added $100.00', 'unread', '2026-05-10 21:22:50'),
(645, 7, 'ROI added $29.25', 'unread', '2026-05-10 21:22:50'),
(646, 14, 'ROI added $3.00', 'unread', '2026-05-10 21:22:51'),
(647, 6, 'ROI added $1.32', 'unread', '2026-05-10 21:23:22'),
(648, 1, 'ROI added $100.00', 'unread', '2026-05-10 21:23:23'),
(649, 7, 'ROI added $29.25', 'unread', '2026-05-10 21:23:26'),
(650, 14, 'ROI added $3.00', 'unread', '2026-05-10 21:23:27'),
(651, 6, 'ROI added $1.32', 'unread', '2026-05-10 21:23:54'),
(652, 1, 'ROI added $100.00', 'unread', '2026-05-10 21:24:00'),
(653, 7, 'ROI added $29.25', 'unread', '2026-05-10 21:24:08'),
(654, 14, 'ROI added $3.00', 'unread', '2026-05-10 21:24:09'),
(655, 6, 'ROI added $1.32', 'unread', '2026-05-10 21:24:22'),
(656, 1, 'ROI added $100.00', 'unread', '2026-05-10 21:24:24'),
(657, 7, 'ROI added $29.25', 'unread', '2026-05-10 21:24:29'),
(658, 14, 'ROI added $3.00', 'unread', '2026-05-10 21:24:32'),
(659, 6, 'ROI added $1.32', 'unread', '2026-05-10 21:24:51'),
(660, 1, 'ROI added $100.00', 'unread', '2026-05-10 21:24:51'),
(661, 7, 'ROI added $29.25', 'unread', '2026-05-10 21:24:52'),
(662, 14, 'ROI added $3.00', 'unread', '2026-05-10 21:24:53'),
(663, 6, 'ROI added $1.32', 'unread', '2026-05-10 21:25:21'),
(664, 1, 'ROI added $100.00', 'unread', '2026-05-10 21:25:21'),
(665, 7, 'ROI added $29.25', 'unread', '2026-05-10 21:25:22'),
(666, 14, 'ROI added $3.00', 'unread', '2026-05-10 21:25:22'),
(667, 6, 'ROI added $1.32', 'unread', '2026-05-10 21:26:04'),
(668, 1, 'ROI added $100.00', 'unread', '2026-05-10 21:26:48'),
(669, 7, 'ROI added $29.25', 'unread', '2026-05-10 21:27:03'),
(670, 14, 'ROI added $3.00', 'unread', '2026-05-10 21:27:13'),
(671, 6, 'ROI added $1.32', 'unread', '2026-05-10 21:27:23'),
(672, 1, 'ROI added $100.00', 'unread', '2026-05-10 21:27:27'),
(673, 7, 'ROI added $29.25', 'unread', '2026-05-10 21:27:30'),
(674, 14, 'ROI added $3.00', 'unread', '2026-05-10 21:27:31'),
(675, 6, 'ROI added $1.32', 'unread', '2026-05-10 21:27:32'),
(676, 1, 'ROI added $100.00', 'unread', '2026-05-10 21:27:34'),
(677, 7, 'ROI added $29.25', 'unread', '2026-05-10 21:27:34'),
(678, 14, 'ROI added $3.00', 'unread', '2026-05-10 21:27:34'),
(679, 6, 'ROI added $1.32', 'unread', '2026-05-10 21:27:35'),
(680, 1, 'ROI added $100.00', 'unread', '2026-05-10 21:27:39'),
(681, 7, 'ROI added $29.25', 'unread', '2026-05-10 21:27:39'),
(682, 14, 'ROI added $3.00', 'unread', '2026-05-10 21:27:39'),
(683, 6, 'ROI added $1.32', 'unread', '2026-05-10 21:27:51'),
(684, 1, 'ROI added $100.00', 'unread', '2026-05-10 21:27:51'),
(685, 7, 'ROI added $29.25', 'unread', '2026-05-10 21:27:51'),
(686, 14, 'ROI added $3.00', 'unread', '2026-05-10 21:27:51'),
(687, 6, 'ROI added $1.32', 'unread', '2026-05-10 21:28:21'),
(688, 1, 'ROI added $100.00', 'unread', '2026-05-10 21:28:21'),
(689, 7, 'ROI added $29.25', 'unread', '2026-05-10 21:28:21'),
(690, 14, 'ROI added $3.00', 'unread', '2026-05-10 21:28:21'),
(691, 6, 'ROI added $1.32', 'unread', '2026-05-10 21:28:57'),
(692, 1, 'ROI added $100.00', 'unread', '2026-05-10 21:28:58'),
(693, 7, 'ROI added $29.25', 'unread', '2026-05-10 21:28:58'),
(694, 14, 'ROI added $3.00', 'unread', '2026-05-10 21:28:58'),
(695, 6, 'ROI added $1.32', 'unread', '2026-05-10 21:29:21'),
(696, 1, 'ROI added $100.00', 'unread', '2026-05-10 21:29:21'),
(697, 7, 'ROI added $29.25', 'unread', '2026-05-10 21:29:21'),
(698, 14, 'ROI added $3.00', 'unread', '2026-05-10 21:29:21'),
(699, 6, 'ROI added $1.32', 'unread', '2026-05-10 21:29:51'),
(700, 1, 'ROI added $100.00', 'unread', '2026-05-10 21:29:51'),
(701, 7, 'ROI added $29.25', 'unread', '2026-05-10 21:29:51'),
(702, 14, 'ROI added $3.00', 'unread', '2026-05-10 21:29:51'),
(703, 6, 'ROI added $1.32', 'unread', '2026-05-10 21:30:21'),
(704, 1, 'ROI added $100.00', 'unread', '2026-05-10 21:30:21'),
(705, 7, 'ROI added $29.25', 'unread', '2026-05-10 21:30:21'),
(706, 14, 'ROI added $3.00', 'unread', '2026-05-10 21:30:22'),
(707, 6, 'ROI added $1.32', 'unread', '2026-05-10 21:30:51'),
(708, 1, 'ROI added $100.00', 'unread', '2026-05-10 21:30:51'),
(709, 7, 'ROI added $29.25', 'unread', '2026-05-10 21:30:51'),
(710, 14, 'ROI added $3.00', 'unread', '2026-05-10 21:30:51'),
(711, 6, 'ROI added $1.32', 'unread', '2026-05-10 21:31:26'),
(712, 1, 'ROI added $100.00', 'unread', '2026-05-10 21:31:32'),
(713, 7, 'ROI added $29.25', 'unread', '2026-05-10 21:31:33'),
(714, 14, 'ROI added $3.00', 'unread', '2026-05-10 21:31:35'),
(715, 6, 'ROI added $1.32', 'unread', '2026-05-10 21:31:51'),
(716, 1, 'ROI added $100.00', 'unread', '2026-05-10 21:31:51'),
(717, 7, 'ROI added $29.25', 'unread', '2026-05-10 21:31:51'),
(718, 14, 'ROI added $3.00', 'unread', '2026-05-10 21:31:51'),
(719, 6, 'ROI added $1.32', 'unread', '2026-05-10 21:32:21'),
(720, 1, 'ROI added $100.00', 'unread', '2026-05-10 21:32:21'),
(721, 7, 'ROI added $29.25', 'unread', '2026-05-10 21:32:21'),
(722, 14, 'ROI added $3.00', 'unread', '2026-05-10 21:32:21'),
(723, 6, 'ROI added $1.32', 'unread', '2026-05-10 21:32:51'),
(724, 1, 'ROI added $100.00', 'unread', '2026-05-10 21:32:51'),
(725, 7, 'ROI added $29.25', 'unread', '2026-05-10 21:32:51'),
(726, 14, 'ROI added $3.00', 'unread', '2026-05-10 21:32:51'),
(727, 6, 'ROI added $1.32', 'unread', '2026-05-10 21:33:21'),
(728, 1, 'ROI added $100.00', 'unread', '2026-05-10 21:33:21'),
(729, 7, 'ROI added $29.25', 'unread', '2026-05-10 21:33:21'),
(730, 14, 'ROI added $3.00', 'unread', '2026-05-10 21:33:21'),
(731, 6, 'ROI added $1.32', 'unread', '2026-05-10 21:33:51'),
(732, 1, 'ROI added $100.00', 'unread', '2026-05-10 21:33:51'),
(733, 7, 'ROI added $29.25', 'unread', '2026-05-10 21:33:51'),
(734, 14, 'ROI added $3.00', 'unread', '2026-05-10 21:33:51'),
(735, 6, 'ROI added $1.32', 'unread', '2026-05-10 21:34:21'),
(736, 1, 'ROI added $100.00', 'unread', '2026-05-10 21:34:21'),
(737, 7, 'ROI added $29.25', 'unread', '2026-05-10 21:34:21'),
(738, 14, 'ROI added $3.00', 'unread', '2026-05-10 21:34:21'),
(739, 6, 'ROI added $1.32', 'unread', '2026-05-10 21:34:51'),
(740, 1, 'ROI added $100.00', 'unread', '2026-05-10 21:34:51'),
(741, 7, 'ROI added $29.25', 'unread', '2026-05-10 21:34:51'),
(742, 14, 'ROI added $3.00', 'unread', '2026-05-10 21:34:51'),
(743, 6, 'ROI added $1.32', 'unread', '2026-05-10 21:35:21'),
(744, 1, 'ROI added $100.00', 'unread', '2026-05-10 21:35:21'),
(745, 7, 'ROI added $29.25', 'unread', '2026-05-10 21:35:21'),
(746, 14, 'ROI added $3.00', 'unread', '2026-05-10 21:35:21'),
(747, 6, 'ROI added $1.32', 'unread', '2026-05-10 21:35:51'),
(748, 1, 'ROI added $100.00', 'unread', '2026-05-10 21:35:51'),
(749, 7, 'ROI added $29.25', 'unread', '2026-05-10 21:35:51'),
(750, 14, 'ROI added $3.00', 'unread', '2026-05-10 21:35:51'),
(751, 6, 'ROI added $1.32', 'unread', '2026-05-10 21:36:21'),
(752, 1, 'ROI added $100.00', 'unread', '2026-05-10 21:36:21'),
(753, 7, 'ROI added $29.25', 'unread', '2026-05-10 21:36:21'),
(754, 14, 'ROI added $3.00', 'unread', '2026-05-10 21:36:21'),
(755, 6, 'ROI added $1.32', 'unread', '2026-05-10 21:36:51'),
(756, 1, 'ROI added $100.00', 'unread', '2026-05-10 21:36:51'),
(757, 7, 'ROI added $29.25', 'unread', '2026-05-10 21:36:51'),
(758, 14, 'ROI added $3.00', 'unread', '2026-05-10 21:36:51'),
(759, 6, 'ROI added $1.32', 'unread', '2026-05-10 21:37:21'),
(760, 1, 'ROI added $100.00', 'unread', '2026-05-10 21:37:21'),
(761, 7, 'ROI added $29.25', 'unread', '2026-05-10 21:37:21'),
(762, 14, 'ROI added $3.00', 'unread', '2026-05-10 21:37:21'),
(763, 6, 'ROI added $1.32', 'unread', '2026-05-10 21:37:51'),
(764, 1, 'ROI added $100.00', 'unread', '2026-05-10 21:37:51'),
(765, 7, 'ROI added $29.25', 'unread', '2026-05-10 21:37:51'),
(766, 14, 'ROI added $3.00', 'unread', '2026-05-10 21:37:51'),
(767, 6, 'ROI added $1.32', 'unread', '2026-05-10 21:38:21'),
(768, 1, 'ROI added $100.00', 'unread', '2026-05-10 21:38:21'),
(769, 7, 'ROI added $29.25', 'unread', '2026-05-10 21:38:21'),
(770, 14, 'ROI added $3.00', 'unread', '2026-05-10 21:38:21'),
(771, 6, 'ROI added $1.32', 'unread', '2026-05-10 21:38:51'),
(772, 1, 'ROI added $100.00', 'unread', '2026-05-10 21:38:51'),
(773, 7, 'ROI added $29.25', 'unread', '2026-05-10 21:38:51'),
(774, 14, 'ROI added $3.00', 'unread', '2026-05-10 21:38:51'),
(775, 6, 'ROI added $1.32', 'unread', '2026-05-10 21:39:21'),
(776, 1, 'ROI added $100.00', 'unread', '2026-05-10 21:39:21'),
(777, 7, 'ROI added $29.25', 'unread', '2026-05-10 21:39:21'),
(778, 14, 'ROI added $3.00', 'unread', '2026-05-10 21:39:21'),
(779, 6, 'ROI added $1.32', 'unread', '2026-05-10 21:39:51'),
(780, 1, 'ROI added $100.00', 'unread', '2026-05-10 21:39:52'),
(781, 7, 'ROI added $29.25', 'unread', '2026-05-10 21:39:52'),
(782, 14, 'ROI added $3.00', 'unread', '2026-05-10 21:39:53'),
(783, 6, 'ROI added $1.32', 'unread', '2026-05-10 21:40:21'),
(784, 1, 'ROI added $100.00', 'unread', '2026-05-10 21:40:21'),
(785, 7, 'ROI added $29.25', 'unread', '2026-05-10 21:40:21'),
(786, 14, 'ROI added $3.00', 'unread', '2026-05-10 21:40:21'),
(787, 7, 'Your withdrawal has been approved', 'unread', '2026-05-11 07:38:41');

-- --------------------------------------------------------

--
-- Table structure for table `plans`
--

CREATE TABLE `plans` (
  `id` int(11) NOT NULL,
  `name` varchar(100) DEFAULT NULL,
  `daily_roi_percent` decimal(5,2) DEFAULT NULL,
  `duration_days` int(11) DEFAULT NULL,
  `min_amount` decimal(10,2) DEFAULT NULL,
  `max_amount` decimal(10,2) DEFAULT NULL
) ENGINE=InnoDB DEFAULT CHARSET=utf8mb4 COLLATE=utf8mb4_general_ci;

--
-- Dumping data for table `plans`
--

INSERT INTO `plans` (`id`, `name`, `daily_roi_percent`, `duration_days`, `min_amount`, `max_amount`) VALUES
(23, 'VIP 1', 2.50, 30, 50.00, 99.00),
(24, 'VIP 2', 3.00, 30, 100.00, 149.00),
(25, 'VIP 3', 3.50, 30, 150.00, 199.00),
(26, 'VIP 4', 4.00, 30, 200.00, 249.00),
(27, 'VIP 5', 4.50, 30, 250.00, 299.00),
(28, 'VIP 6', 5.00, 30, 300.00, 349.00),
(29, 'VIP 7', 5.50, 30, 350.00, 399.00),
(30, 'VIP 8', 6.00, 30, 400.00, 449.00),
(31, 'VIP 9', 6.50, 30, 450.00, 499.00),
(32, 'VIP 10', 7.00, 30, 500.00, 549.00),
(33, 'VIP 11', 7.50, 30, 550.00, 599.00),
(34, 'VIP 12', 8.00, 30, 600.00, 649.00),
(35, 'VIP 13', 8.50, 30, 650.00, 699.00),
(36, 'VIP 14', 9.00, 30, 700.00, 749.00),
(37, 'VIP 15', 9.50, 30, 750.00, 799.00),
(38, 'VIP 16', 10.00, 30, 800.00, 1000.00);

-- --------------------------------------------------------

--
-- Table structure for table `referral_commissions`
--

CREATE TABLE `referral_commissions` (
  `id` int(11) NOT NULL,
  `referrer_user_id` int(11) DEFAULT NULL,
  `referred_user_id` int(11) DEFAULT NULL,
  `investment_id` int(11) DEFAULT NULL,
  `amount` decimal(10,2) DEFAULT NULL,
  `created_at` timestamp NOT NULL DEFAULT current_timestamp()
) ENGINE=InnoDB DEFAULT CHARSET=utf8mb4 COLLATE=utf8mb4_general_ci;

-- --------------------------------------------------------

--
-- Table structure for table `transactions`
--

CREATE TABLE `transactions` (
  `id` int(11) NOT NULL,
  `user_id` int(11) DEFAULT NULL,
  `type` enum('deposit','withdrawal') DEFAULT NULL,
  `amount` decimal(10,2) DEFAULT NULL,
  `status` enum('pending','approved','rejected') DEFAULT 'pending',
  `reference` varchar(255) DEFAULT NULL,
  `created_at` timestamp NOT NULL DEFAULT current_timestamp(),
  `payment_method` varchar(100) DEFAULT NULL
) ENGINE=InnoDB DEFAULT CHARSET=utf8mb4 COLLATE=utf8mb4_general_ci;

--
-- Dumping data for table `transactions`
--

INSERT INTO `transactions` (`id`, `user_id`, `type`, `amount`, `status`, `reference`, `created_at`, `payment_method`) VALUES
(1, 1, 'deposit', 100.00, 'approved', 'Airtel123', '2026-05-04 05:34:14', NULL),
(2, 1, 'deposit', 100.00, 'approved', 'Test123', '2026-05-05 21:43:22', NULL),
(3, 1, 'deposit', 200.00, 'approved', 'ADMINTEST', '2026-05-06 18:51:32', NULL),
(4, 1, 'deposit', 300.00, 'approved', 'TEST2', '2026-05-06 20:20:13', NULL),
(5, 1, 'withdrawal', 300.00, 'approved', NULL, '2026-05-07 03:40:03', NULL),
(6, 1, 'deposit', 300.00, 'approved', NULL, '2026-05-07 04:02:54', NULL),
(7, 1, 'deposit', 100.00, 'approved', NULL, '2026-05-07 04:13:12', NULL),
(8, 1, 'withdrawal', 10.00, 'approved', NULL, '2026-05-07 04:15:10', NULL),
(9, 1, 'deposit', 50.00, 'approved', NULL, '2026-05-07 05:07:53', NULL),
(10, 1, 'deposit', 50.00, 'approved', NULL, '2026-05-08 18:03:52', NULL),
(11, 6, 'deposit', 100.00, 'approved', NULL, '2026-05-08 18:10:04', NULL),
(12, 1, 'deposit', 120.00, 'approved', NULL, '2026-05-08 18:58:18', NULL),
(13, 6, 'deposit', 65.00, 'approved', NULL, '2026-05-09 07:00:58', NULL),
(14, 6, 'deposit', 50.00, 'approved', NULL, '2026-05-09 07:59:50', NULL),
(15, 1, 'withdrawal', 200.00, 'approved', NULL, '2026-05-09 12:36:20', NULL),
(16, 6, 'deposit', 200.00, 'approved', NULL, '2026-05-09 13:39:27', NULL),
(17, 1, 'deposit', 1000.00, 'approved', NULL, '2026-05-09 17:01:36', NULL),
(18, 7, 'deposit', 450.00, 'approved', NULL, '2026-05-09 19:11:45', NULL),
(19, 14, 'deposit', 100.00, 'approved', NULL, '2026-05-10 19:06:42', NULL),
(20, 7, 'withdrawal', 3000.00, 'approved', NULL, '2026-05-11 07:05:41', NULL);

-- --------------------------------------------------------

--
-- Table structure for table `users`
--

CREATE TABLE `users` (
  `id` int(11) NOT NULL,
  `name` varchar(100) DEFAULT NULL,
  `email` varchar(100) DEFAULT NULL,
  `password` varchar(255) DEFAULT NULL,
  `balance` decimal(10,2) DEFAULT 0.00,
  `roi_total` decimal(10,2) DEFAULT 0.00,
  `created_at` timestamp NOT NULL DEFAULT current_timestamp(),
  `referral_code` varchar(100) DEFAULT NULL,
  `referred_by` varchar(100) DEFAULT NULL
) ENGINE=InnoDB DEFAULT CHARSET=utf8mb4 COLLATE=utf8mb4_general_ci;

--
-- Dumping data for table `users`
--

INSERT INTO `users` (`id`, `name`, `email`, `password`, `balance`, `roi_total`, `created_at`, `referral_code`, `referred_by`) VALUES
(1, 'Gift', 'gift@test.com', '$2b$10$jt7nB.2CQse2CBbcVQa46evEs2dYdGfv.Llm2355KoIr6S/DUmL8W', 19845.00, 19888.00, '2026-05-04 04:51:58', 'GIKA1', NULL),
(5, 'admin', 'admin@gikazee.com', '$2b$10$CydmsA0SVBxIysXcvJ6S8O92FGe0zy/LtwW/mDlICJ51VSCIDXKBC', 0.00, 0.00, '2026-05-07 05:53:01', 'GIKA5', NULL),
(6, 'mavious', 'mavi@.com', '$2b$10$LzdrR/LF6GrQLv4yvaJB3O0XkhX5aenw4Lrw.Dl21RFtaruQcybpu', 353.27, 291.27, '2026-05-08 18:08:39', 'GIKA6', NULL),
(7, 'pelek', 'pele@monga.com', '$2b$10$XN.8oCnxffVCsVfeidiuVON6QduIMYytmp.H1TwC8gINPcjeAHdc6', 2001.75, 5001.75, '2026-05-09 19:08:33', 'GIKA7', NULL),
(8, 'lack', 'lack@.com', '$2b$10$YdWqB9WeTeoa48knrql9.eyGLOBqAWkhEbQ4hUZPchGYii.ah.Vry', 0.00, 0.00, '2026-05-10 17:32:32', 'GIKA8', NULL),
(9, 'CAPHA', 'map@.com', '$2b$10$uMG/yQ0hyiCGQboILYkXwOq0FJ04sCW6CGxExcr9P7QvBXTq5cPga', 0.00, 0.00, '2026-05-10 17:40:03', NULL, NULL),
(10, 'kamwaya', 'kams@.com', '$2b$10$R19L2cRTtwTpYydwi0aU6ObBhypTkBQqXIYvgQerJMaJCulB79Alq', 0.00, 0.00, '2026-05-10 18:06:53', 'GIKA93100', NULL),
(11, 'sifi', 'sara@.com', '$2b$10$jDLZ7fH69QMl69MB0GwgSuxqDcfMqjB2yqKakBp2fFLnt3fnu7Lg6', 0.00, 0.00, '2026-05-10 18:08:25', 'GIKA21575', NULL),
(12, 'mim', 'mumi@kasambala.com', '$2b$10$SYQnkCDXjjIWzdlOQ/ettu8H31j0UG7kLIraUPyvXQt2MRvcNIsSW', 0.00, 0.00, '2026-05-10 18:40:46', 'GIKA57098', 'GIKA93100'),
(13, 'fghj', 'gbn@.com', '$2b$10$/A979FjRj.5GHrdBIvUZ/.eJPbZRiINDadG2fUKnjVVmPYP49KGeq', 0.00, 0.00, '2026-05-10 18:43:03', 'GIKA41954', NULL),
(14, 'kamwaya', 'kamwaya2@.com', '$2b$10$u2wIgnfYQPcLcm/tLETI4eKgvYWiAc302fH61r0stQhnYwedfXvjK', 513.00, 513.00, '2026-05-10 19:05:34', 'GIKA63589', 'GIKA7'),
(15, 'mo', 'dg@bm.com', '$2b$10$33jh/YFs0X5e5fgoC9qPC.N876ZMlVM3SwS.JEqI8198EUyX9ircS', 0.00, 0.00, '2026-05-10 21:28:46', NULL, NULL),
(19, 'bama', 'bama@.com', '$2b$10$0DKTeYDVVrZSK8VdE5u/XeH8rqFzty.3vXCTZbAyB9T/6SZPb8A46', 0.00, 0.00, '2026-05-11 07:41:37', NULL, NULL);

--
-- Indexes for dumped tables
--

--
-- Indexes for table `investments`
--
ALTER TABLE `investments`
  ADD PRIMARY KEY (`id`);

--
-- Indexes for table `notifications`
--
ALTER TABLE `notifications`
  ADD PRIMARY KEY (`id`);

--
-- Indexes for table `plans`
--
ALTER TABLE `plans`
  ADD PRIMARY KEY (`id`);

--
-- Indexes for table `referral_commissions`
--
ALTER TABLE `referral_commissions`
  ADD PRIMARY KEY (`id`);

--
-- Indexes for table `transactions`
--
ALTER TABLE `transactions`
  ADD PRIMARY KEY (`id`);

--
-- Indexes for table `users`
--
ALTER TABLE `users`
  ADD PRIMARY KEY (`id`),
  ADD UNIQUE KEY `email` (`email`);

--
-- AUTO_INCREMENT for dumped tables
--

--
-- AUTO_INCREMENT for table `investments`
--
ALTER TABLE `investments`
  MODIFY `id` int(11) NOT NULL AUTO_INCREMENT, AUTO_INCREMENT=10;

--
-- AUTO_INCREMENT for table `notifications`
--
ALTER TABLE `notifications`
  MODIFY `id` int(11) NOT NULL AUTO_INCREMENT, AUTO_INCREMENT=788;

--
-- AUTO_INCREMENT for table `plans`
--
ALTER TABLE `plans`
  MODIFY `id` int(11) NOT NULL AUTO_INCREMENT, AUTO_INCREMENT=39;

--
-- AUTO_INCREMENT for table `referral_commissions`
--
ALTER TABLE `referral_commissions`
  MODIFY `id` int(11) NOT NULL AUTO_INCREMENT;

--
-- AUTO_INCREMENT for table `transactions`
--
ALTER TABLE `transactions`
  MODIFY `id` int(11) NOT NULL AUTO_INCREMENT, AUTO_INCREMENT=21;

--
-- AUTO_INCREMENT for table `users`
--
ALTER TABLE `users`
  MODIFY `id` int(11) NOT NULL AUTO_INCREMENT, AUTO_INCREMENT=20;
COMMIT;

/*!40101 SET CHARACTER_SET_CLIENT=@OLD_CHARACTER_SET_CLIENT */;
/*!40101 SET CHARACTER_SET_RESULTS=@OLD_CHARACTER_SET_RESULTS */;
/*!40101 SET COLLATION_CONNECTION=@OLD_COLLATION_CONNECTION */;
